term,group_count,overall_count,exact_pval,sig,genes
lyase activity,4,80,8.103820634810189e-5,TRUE,YGR254W YHR174W YKL060C YLR044C
isomerase activity,3,56,5.97833899779206e-4,TRUE,YBR196C YDR050C YKL152C
kinase activity,4,182,0.0018790890136195137,FALSE,YCL040W YCR012W YGR240C YMR205C
oxidoreductase activity,3,270,0.04695163654290753,FALSE,YDL022W YGR192C YJR009C
mRNA binding,2,189,0.1133868336339178,FALSE,YGR192C YMR205C
transferase activity,4,719,0.17084768918510893,FALSE,YCL040W YCR012W YGR240C YMR205C
DNA-binding transcription factor activity,1,106,0.28188514011896604,FALSE,YPL075W
chromatin binding,1,110,0.2909046836775888,FALSE,YJR009C
RNA binding,2,365,0.3122925655434624,FALSE,YGR192C YMR205C
DNA binding,1,324,0.6451277525747117,FALSE,YPL075W
ion binding,1,576,0.8495836512077168,FALSE,YKL060C
